doctor_id,name,specialization,department_id,experience_years,phone,email
1,Jennifer Cabrera,Cardiology,1,31,3839145797,davidnash@example.com
2,Keith Ferrell,Cardiology,1,6,6065074787,barkerteresa@example.com
3,Adam Keith,Pediatrics,4,39,399.556.6543,felicia46@example.org
4,Robert Sanchez,Neurology,2,30,+1-716-649-8604x35841,amandarojas@example.net
5,Jonathon Yates,Cardiology,1,40,001-310-930-6776x3038,lynncollins@example.org
6,Dan Montoya,Orthopedics,3,40,+1-648-679-7066,thompsonjames@example.org
7,Daniel Reyes,Orthopedics,3,7,+1-810-770-8359x520,ablack@example.com
8,James Cox PhD,Dermatology,5,40,461-473-4224,eberry@example.org
9,William Howard,Orthopedics,3,38,+1-589-860-0690,lcrawford@example.net
10,Andrew Hensley,Neurology,2,30,7677053673,jeromemckay@example.org
11,David Hunt,General Medicine,6,22,783.963.4345,bennettjoseph@example.org
12,Lisa Barker,Ophthalmology,8,19,704.282.5020x20159,juliaweber@example.org
13,Christina Mitchell,Dermatology,5,34,351-608-3995,wvilla@example.net
14,Angel Ramirez,Dermatology,5,38,(829)450-2838x0876,qrobinson@example.net
15,Ashley James,Orthopedics,3,9,227.751.9320x94989,humphreyjames@example.org
16,Kenneth Fuller,General Medicine,6,40,+1-928-401-8897x7268,jacobadams@example.com
17,Joshua Chapman,Cardiology,1,31,611.702.9759,juliawilkerson@example.net
18,Dr. Zachary Fletcher,General Medicine,6,22,702-787-6138,edwardshannah@example.com
19,Mindy Houston,Neurology,2,38,9462785691,connorstanley@example.net
20,Mario Mcbride,Dermatology,5,35,+1-761-427-6364x14429,ncooper@example.net
21,Marcus Johnson,Dermatology,5,36,(299)662-9048x501,meganbender@example.net
22,Jillian Thompson,Pediatrics,4,10,+1-513-269-7305x3450,tiffanyhampton@example.net
23,Jasmine Davis,Pediatrics,4,28,(664)803-5470x852,timothy96@example.org
24,Patricia Weber,Pediatrics,4,21,454-780-9401x760,marypetty@example.org
25,Chad Pearson,Orthopedics,3,28,(873)673-3569x780,mreyes@example.net
26,John Thomas,Dermatology,5,7,611.735.9429,reynoldsrichard@example.net
27,Robert Perez,Neurology,2,24,2849683170,carriesanchez@example.com
28,Joseph Decker,Cardiology,1,14,+1-391-530-1461x3907,serranotravis@example.net
29,Ronnie Guzman,Neurology,2,35,9687872603,bmunoz@example.com
30,Cynthia Rollins,General Medicine,6,36,+1-602-617-2342x229,jesse54@example.net
31,Edward Cooper,Neurology,2,22,(822)951-0544,ellisonsteven@example.org
32,Keith Henderson,Ophthalmology,8,9,290.973.0871x540,dustin80@example.com
33,Kathleen Kennedy MD,Ophthalmology,8,35,+1-876-732-2648,umonroe@example.net
34,Joseph Kirk,Orthopedics,3,11,(917)507-5777,jamie39@example.com
35,David Smith,Orthopedics,3,17,9429271886,odonnelljennifer@example.net
36,Carrie Holland,Dermatology,5,29,548.609.0534x41047,erobbins@example.com
37,Laura Reyes,Dermatology,5,24,+1-943-788-3685x344,vcaldwell@example.com
38,Nicole Rodriguez,ENT,7,23,(863)405-4461x5351,gravescrystal@example.com
39,Raymond Ramos,Pediatrics,4,12,(368)635-0760x0208,ayalamichael@example.com
40,Jacqueline Reynolds,Dermatology,5,24,796-810-9603,maddoxleah@example.org
41,Michelle Campbell,Dermatology,5,19,001-749-821-9640x680,mark72@example.com
42,Stephanie Sosa,Neurology,2,26,(285)673-9635x7179,sknapp@example.com
43,Paul Watkins,Ophthalmology,8,23,001-452-927-2723,clarkerica@example.com
44,Scott Reed,Cardiology,1,4,(829)911-8421x65976,samuel67@example.com
45,Maria Wood,Neurology,2,26,720-656-4705x80483,mitchell46@example.com
46,Justin Carrillo,General Medicine,6,34,4878920576,fperkins@example.net
47,Justin Day,Dermatology,5,33,(899)855-9389,michellemiles@example.com
48,Diana Delgado,Dermatology,5,39,912-566-3529,lstone@example.com
49,Jamie Jenkins,ENT,7,34,+1-221-877-3925x6358,gcook@example.com
50,Mary Rogers,Cardiology,1,2,+1-309-313-2366x33919,watsonkevin@example.org
51,Sean Hutchinson,Orthopedics,3,11,+1-206-360-6656x788,fbartlett@example.com
52,Tony Lopez,Dermatology,5,38,+1-811-343-8556x1487,trubio@example.com
53,Bryce Atkinson,General Medicine,6,35,439-857-7805x639,debbiebriggs@example.org
54,Stephanie Potter,Cardiology,1,6,+1-331-461-9052x3065,houstonkayla@example.org
55,Jessica Lowe,Orthopedics,3,6,001-226-250-1854x705,gallegosjoseph@example.org
56,Mary Matthews,ENT,7,35,549-660-7713x599,garrettchristian@example.net
57,Tiffany Murillo,ENT,7,25,9062175581,courtneyallen@example.net
58,Robert Porter,Dermatology,5,12,001-430-809-5564,gooddennis@example.net
59,Kevin Campbell,ENT,7,36,254-585-3164x211,linda66@example.org
60,Christian Wise,Orthopedics,3,40,754-733-3376x14684,elizabeth86@example.com
61,Holly Walker,Ophthalmology,8,29,(831)560-5019,theresadavis@example.org
62,Michael Kelly,General Medicine,6,29,493-725-3971x5262,amandaharper@example.org
63,James Lynch,General Medicine,6,5,(538)348-4358,amy76@example.net
64,Traci Swanson,Cardiology,1,3,5159803856,brooksdavid@example.net
65,Cynthia Mendoza,Dermatology,5,14,457-340-4309,kim49@example.net
66,Bryan Caldwell,Dermatology,5,3,001-459-929-6488x02523,joneschristopher@example.org
67,Tonya Fitzgerald,Dermatology,5,24,001-518-702-0184x258,sodom@example.net
68,Eric Carter,Neurology,2,40,(745)917-2168,heather08@example.net
69,Mercedes Young,Orthopedics,3,14,7638658617,paulcastillo@example.org
70,Vincent Hawkins,Cardiology,1,10,387-253-3645x9382,samuellee@example.net
71,Randy Jones,Ophthalmology,8,35,(217)601-6855x7363,russell56@example.net
72,Anthony Boyd,Dermatology,5,35,(508)877-7787,cameronbernard@example.net
73,Alexis Mann,ENT,7,3,+1-781-883-4708x9373,bsmith@example.org
74,Luis Yu,Pediatrics,4,32,590-843-6615,patricia33@example.com
75,Christopher Sanchez,Dermatology,5,14,(849)285-2918,davilacarly@example.net
76,Debbie Brown,ENT,7,39,001-763-871-7432,timothy56@example.com
77,Brandon Kennedy,Ophthalmology,8,12,490.517.1092,samanthastewart@example.com
78,David Brown,Ophthalmology,8,7,396.487.0889x5156,jenniferrodriguez@example.com
79,Matthew Long,ENT,7,35,452-305-3066x76089,russellmary@example.com
80,Valerie Wilson,General Medicine,6,25,+1-610-705-4000x4940,susanjackson@example.net
81,Anthony Torres,Orthopedics,3,31,(406)225-1107x7207,anguyen@example.org
82,Amber Vaughn,General Medicine,6,5,766.398.9904,ericthomas@example.org
83,Jacqueline Jones,Orthopedics,3,19,813.324.6078,gowens@example.com
84,Andrea Webster,General Medicine,6,18,001-339-879-3810x867,dmcguire@example.org
85,Sophia Gonzalez,Orthopedics,3,21,+1-668-345-9322x37139,caroline74@example.org
86,Juan Kelly,ENT,7,4,832.504.9984x2092,angela71@example.org
87,Pamela Holder,Neurology,2,39,333-333-0806,kevinrose@example.com
88,Daniel Snyder,Neurology,2,2,001-873-763-9411x664,hornebrandon@example.net
89,Patricia Warren,Pediatrics,4,6,(469)890-9414x53537,tonyagregory@example.com
90,Jason Harris,General Medicine,6,24,+1-414-316-0560x3887,maryhall@example.net
91,Brianna Carson,Neurology,2,13,001-588-916-1204x60646,allenadrian@example.com
92,Lisa Davis,ENT,7,37,745.924.6519x0236,jameskrause@example.org
93,Dennis Boyd,Orthopedics,3,34,001-605-648-9596x972,anthony62@example.net
94,Emily Baker,Dermatology,5,36,+1-506-651-4016,jenniferarnold@example.org
95,Crystal Walker,General Medicine,6,32,001-770-803-9428x74993,staceysanders@example.org
96,Shawn Little,ENT,7,8,001-330-852-6022,johnmartinez@example.org
97,Susan Patrick,Dermatology,5,35,406-711-7822,pross@example.org
98,Brian Jones,Orthopedics,3,14,(926)711-3999x160,donna37@example.com
99,Edward Chapman,ENT,7,16,001-960-698-4794x2977,ronaldwilliamson@example.net
100,Lisa Cox,Neurology,2,23,+1-971-223-2898x664,brookschristopher@example.net
101,Jillian Williams,General Medicine,6,9,661-403-8140x355,ysnyder@example.com
102,Jamie Wheeler,Pediatrics,4,6,(259)887-8055,brownbrandon@example.net
103,David Strong,Ophthalmology,8,36,947.772.0684,christopherrobinson@example.net
104,Scott Russell,Pediatrics,4,38,242-653-0418,brian38@example.net
105,Joseph Owens,Orthopedics,3,8,+1-774-617-3604x3772,riverabrandon@example.com
106,Janet Ryan,Pediatrics,4,3,598.786.2486,irose@example.net
107,Alan Sanders,Ophthalmology,8,33,001-530-681-3766,garrett81@example.com
108,Stephanie Ortiz,Neurology,2,39,910-611-4183,dlewis@example.com
109,Kevin Mccarthy,General Medicine,6,8,(602)469-6970x0063,todd96@example.com
110,Kenneth Durham,Cardiology,1,9,001-379-473-5322,pmartinez@example.org
111,Mark Smith,Cardiology,1,19,528.633.6975x83429,moodyanthony@example.net
112,Leslie Liu,Ophthalmology,8,30,001-598-937-3398x55578,jackiejenkins@example.com
113,Hannah Barnett,Cardiology,1,25,(761)505-5719x3606,daniellegonzalez@example.org
114,Earl Miller,Orthopedics,3,5,210.602.9780x545,dcox@example.net
115,Emma Smith,Neurology,2,40,001-600-738-1172x3717,roachmichael@example.net
116,Thomas Torres,Pediatrics,4,29,7823375984,omarhogan@example.com
117,Michael Houston,Ophthalmology,8,17,+1-865-486-1942,david48@example.com
118,Mr. Lucas Smith,Dermatology,5,34,+1-673-957-6902x10654,anita63@example.net
119,Michelle Johnson,Cardiology,1,5,745-730-6301,davidgrant@example.net
120,Dylan Jones,Ophthalmology,8,8,+1-899-888-7686x73014,agray@example.com
121,Patricia Norman,Ophthalmology,8,13,(938)849-0923x240,marthawashington@example.com
122,Jason Davis,Cardiology,1,14,742-741-9477x625,victoriachristian@example.org
123,Mary Ruiz DDS,Neurology,2,35,001-617-225-5134,chicks@example.com
124,Amanda Jones,ENT,7,39,294.962.4409,ubell@example.com
125,Elizabeth Rodriguez,Neurology,2,8,291.819.4036x369,jennifer11@example.com
126,Julia Mcintosh,Dermatology,5,34,+1-303-270-5687x16272,michaelyork@example.org
127,Hannah Alexander MD,General Medicine,6,11,786.439.1931,fosterjennifer@example.net
128,Pamela Moore,Neurology,2,12,+1-271-384-2423x05138,cschultz@example.net
129,Mark Li,Neurology,2,2,001-868-974-4671x735,normanhall@example.org
130,Brittany Powell,Ophthalmology,8,39,(407)987-9645,sandra21@example.com
131,David Jones,Pediatrics,4,19,+1-562-230-0826x3550,ojohnson@example.com
132,Andrew Roth,Dermatology,5,14,801.447.2585x33380,hayley00@example.com
133,Valerie Johnson,ENT,7,8,500.364.8760,terrelljesse@example.com
134,Charles Craig,Neurology,2,37,925.675.6191x82655,sotomatthew@example.org
135,Miranda Dunn,Ophthalmology,8,13,4687927129,juan21@example.net
136,Linda Scott,Pediatrics,4,3,(449)379-4649,hneal@example.com
137,Katie Barnes,Dermatology,5,6,001-550-775-3864x75289,amy15@example.com
138,James Hayden,General Medicine,6,38,+1-703-814-4802x7177,millerconnie@example.org
139,Jessica Williams,Cardiology,1,30,+1-576-726-5548,rebeccaalvarado@example.net
140,David Hoffman,Dermatology,5,5,571.380.8000,jpowers@example.com
141,Jonathan Torres,Cardiology,1,35,978-235-2621,barbara01@example.com
142,Bryan Hurley,Dermatology,5,37,(276)867-2847x70204,dhamilton@example.com
143,Andrew Martinez,Pediatrics,4,32,001-812-316-2813x62633,saunderslarry@example.com
144,Evan Rodriguez,Pediatrics,4,34,(260)749-5883,james50@example.com
145,Katrina Mcdonald,General Medicine,6,7,353.382.1776,whughes@example.com
146,Mark Ramirez,Dermatology,5,36,+1-943-874-1043x3969,michelle56@example.net
147,Matthew Rowland,ENT,7,31,(538)532-2753x4139,phillip04@example.net
148,Sharon Johnson,Ophthalmology,8,18,001-270-470-6208x2853,wrightjeffery@example.net
149,Katherine Warner,Neurology,2,37,001-404-896-8559x15257,tammycameron@example.org
150,Cindy Hoover,General Medicine,6,28,001-923-707-5584x04582,taylorruth@example.org
151,Michael Williams,Ophthalmology,8,21,+1-420-758-2056,mvillarreal@example.com
152,April Williams,Ophthalmology,8,30,893.862.9449,robinblevins@example.net
153,Bridget Ford,General Medicine,6,25,6888173972,bryanchaney@example.org
154,Timothy Graham,Neurology,2,34,(411)417-1040,bjenkins@example.org
155,Amy Pitts,ENT,7,25,3797073106,xtaylor@example.org
156,Patrick Neal,Orthopedics,3,18,001-600-706-0765x2765,perezjason@example.com
157,Justin Gonzalez,Ophthalmology,8,19,(685)285-2313x242,bmalone@example.org
158,Dawn Medina,Pediatrics,4,22,001-727-440-4522,courtney55@example.net
159,Roberta Gutierrez,Dermatology,5,14,693-514-3809x93021,renee40@example.com
160,Amy Taylor,Neurology,2,32,899.998.2315x5517,bakerjohn@example.com
161,Charlotte Lawson,ENT,7,21,+1-362-407-5161x8897,davisjulia@example.com
162,April Curry,General Medicine,6,5,001-402-560-6724,jared34@example.com
163,Kenneth Brown,Neurology,2,6,(415)673-9414,matamichael@example.net
164,Amanda Romero MD,Cardiology,1,38,969.866.7509x2617,dorothybarton@example.net
165,Gabriel Wilson,ENT,7,26,+1-828-852-6629x04738,fcastro@example.com
166,Benjamin Hodges,Orthopedics,3,21,+1-598-878-1549x84400,jeremyherman@example.net
167,Susan Moreno,Ophthalmology,8,5,001-434-538-0549,pmendez@example.net
168,Rita Leblanc,Neurology,2,38,336.409.5456x536,clarkdonna@example.org
169,Nicholas Randolph,Neurology,2,36,001-468-878-4231x284,oalexander@example.net
170,Pam Christian,Dermatology,5,35,641.657.8530x4861,lisarobinson@example.org
171,Teresa Liu,Ophthalmology,8,16,+1-385-476-9999x5602,dbrown@example.org
172,Courtney Ross,Orthopedics,3,21,001-735-258-0860x0708,samueljohnson@example.org
173,Jonathan Howard,ENT,7,7,(888)669-0247x0384,salinaschristian@example.org
174,Samantha Gray,Dermatology,5,14,001-791-612-1949x14898,jordanlee@example.net
175,Laurie Smith,Dermatology,5,10,001-277-712-0250x83616,amandajohnson@example.org
176,Russell Miles,ENT,7,37,7873708660,trodriguez@example.org
177,Danielle Gibbs,Dermatology,5,9,744.558.1890x40696,dlynch@example.net
178,Mary Matthews,Neurology,2,29,+1-373-602-5376x0419,aprilpatel@example.com
179,Matthew Green,ENT,7,23,001-369-540-7124x95118,harveybobby@example.org
180,Patricia Gray,Pediatrics,4,15,382-700-5635x037,mgriffin@example.com
181,Ruth Wright,Dermatology,5,36,630.608.5374x6311,rioslaura@example.com
182,Tonya Hill,Dermatology,5,16,001-992-346-0273x3553,mary41@example.org
183,Samuel Ward,Neurology,2,2,442-236-5022x385,holly54@example.org
184,Austin Mcgee,Neurology,2,28,872.737.8927x564,wvillanueva@example.org
185,Greg Campbell,Ophthalmology,8,24,728-852-1340,obrienfrank@example.org
186,Tina Vazquez,Cardiology,1,14,776-655-1438x768,hannah14@example.org
187,Jeffrey Lee,Ophthalmology,8,5,001-969-667-5964x005,laurentaylor@example.net
188,Erin Caldwell,Cardiology,1,10,(211)407-9606x01204,thomas05@example.org
189,Tony Morris,Ophthalmology,8,40,+1-540-313-2392x193,kimberly29@example.org
190,Kimberly Hall,Cardiology,1,17,001-471-356-0375,katherine38@example.com
191,Claire Hogan,Orthopedics,3,11,412-492-7549x886,joseph79@example.com
192,Craig Santiago,Neurology,2,30,+1-222-424-5153x45528,hsmith@example.com
193,Jessica Carson,General Medicine,6,40,(273)589-9498x76704,victoria80@example.com
194,Kristen Perry,Neurology,2,27,418.290.7494,sarah51@example.org
195,Erik Terry,Ophthalmology,8,11,(458)353-7633x638,mharris@example.org
196,Pamela Mckinney,Orthopedics,3,39,001-899-283-5189x889,richard99@example.net
197,Wendy Delgado,ENT,7,23,+1-789-427-1819,janice07@example.com
198,Bobby Sanchez,General Medicine,6,28,749.500.4121x828,rfowler@example.org
199,Hunter Jackson,Orthopedics,3,5,878.497.7170,nwebster@example.com
200,Kimberly May,Dermatology,5,23,(655)627-8225,qlawrence@example.com
